FEA Run,Global Fitness
1,82165172.02964374
2,3907407.034900936
3,2096622.8376222046
4,2021321.152899735
5,2005683.672426414
6,2002848.06571664
7,2001875.5122280195
8,2001399.1507971822
9,2001095.4852383726
10,2000951.6201682934
11,2000727.0641298674
12,2000620.581800566
13,2000562.0282434241
14,2000519.258517823
15,2000484.1857777336
16,2000452.814005253
17,2000422.6951971748
18,2000389.2497540019
19,2000361.7253607789
20,2000338.2600485145
21,2000322.6040398248
22,2000309.2283501097
23,2000298.5191851459
24,2000290.868017379
25,2000285.6198675693
26,2000281.1501842975
27,2000276.6606372022
28,2000270.5106963017
29,2000262.314015322
30,2000253.3077496712
31,2000244.952189477
32,2000237.532027591
33,2000232.0311815455
34,2000226.4827727017
35,2000222.6746244726
36,2000217.7284529738
37,2000212.626542797
38,2000204.5646415323
39,2000193.0449561868
40,2000178.8903569179
41,2000164.0585826784
42,2000148.5308124654
43,2000132.358606615
44,2000114.691712299
45,2000098.0637014303
46,2000083.8161872088
47,2000070.6258076397
48,2000058.7642859041
49,2000047.8631615043
50,2000039.937625239
